nconst,primaryName,birthYear,deathYear,primaryProfession,knownForTitles
nm0000123,George Clooney,1961,\N,actor;producer;director,tt0433383;tt0465538;tt1124035;tt1193138
nm0000603,Vanessa Redgrave,1937,\N,actress;soundtrack;producer,tt0892318;tt0104454;tt0783233;tt1372686
nm0001221,Louise Fletcher,1934,2022,actress,tt0106145;tt0093036;tt0073486;tt0139134
nm0003202,David G. Russell,1968,\N,music_department;composer;actor,tt9419884;tt0947798;tt0259324;tt0413300
nm0005000,Tony Hawk,1968,\N,actor;producer;stunts,tt0295701;tt1047540;tt0097438;tt0355702
nm0006863,Roger Kupelian,\N,\N,visual_effects;director;writer,tt0167261;tt1060277;tt0296572;tt1483013
nm0041393,David Aubrey,\N,\N,editor;cinematographer;camera_department,tt0103767;tt6730328;tt2862288;tt1253580
nm0048398,Don Baker,\N,\N,actor,tt2256828;tt0161169;tt0107207;tt0122738
nm0052321,Arun Bannerjee,\N,\N,actor;writer,tt4579002;tt7205838;tt3080148;tt0098255
nm0065942,Irene Bedard,1967,\N,actress;producer;executive,tt5848272;tt0114148;tt0110297;tt0409572
nm0066976,Adam Behr,\N,\N,special_effects;actor;make_up_department,tt0216216;tt0457400;tt0758730;tt0343818
nm0068095,Charlene Bell,\N,\N,director;actress;writer,tt22191702;tt0112613
nm0118201,Andrew Buckland,1954,\N,actor;writer,tt13459400;tt11654554;tt0097207;tt0093296
nm0129635,Helen Caldicott,1938,\N,,tt0081521;tt0796612;tt0477067;tt1992193
nm0129842,David Calek,1971,\N,cinematographer;director;camera_department,tt4136998;tt1686904;tt0299776;tt6446896
nm0136563,Hélène Cardona,\N,\N,actress;miscellaneous;producer,tt2980648;tt0241303;tt7826376;tt7134908
nm0159008,Noam Chomsky,1928,\N,writer;miscellaneous,tt0338357;tt15331908;tt0104810;tt7322224
nm0183949,Rand Courtney,\N,\N,actor;director;cinematographer,tt0175526;tt2110366;tt2136385;tt22489120
nm0210283,François De Menil,\N,\N,producer;director;actor,tt0121520;tt0216643;tt0074351;tt0081562
nm0245906,Amentha Dymally,1934,\N,actress;writer;miscellaneous,tt0255819;tt0167431;tt0418223;tt0077355
nm0252032,Dwight D. Eisenhower,1890,1969,writer;miscellaneous,tt0165006;tt0247568;tt22794422;tt0038192
nm0259722,Max Ernst,1891,1976,actor;writer;art_department,tt0039735;tt0060680;tt0021577;tt0039340
nm0262543,Art Evans,1942,\N,actor,tt0105636;tt0091877;tt0165832;tt0099423
nm0263582,Erik Everhard,1976,\N,actor;director;producer,tt0843364;tt1353973;tt2590086;tt1840310
nm0305812,Gonzalo García Pelayo,1947,\N,director;producer;writer,tt0156974;tt0156178;tt13395340;tt23184396
nm0328762,Jane Goodall,1934,\N,miscellaneous;actress;writer,tt0318218;tt7207238;tt13113284;tt6791756
nm0347911,Greg Gumbel,1946,\N,actor,tt0115082;tt0098790;tt0115144;tt0247144
nm0358026,Lynn Hamilton,1930,\N,actress,tt0118435;tt0088526;tt0068128;tt0108473
nm0386749,Joe Hisaishi,1950,\N,composer;music_department;soundtrack,tt0245429;tt2013293;tt0876563;tt0119250
nm0392082,Tristan Holmes,\N,\N,director;writer;actor,tt1392016;tt1424774;tt11654554;tt26738835
nm0410570,Stanley Isaacs,\N,\N,producer;director;writer,tt4696704;tt4557646;tt2831378;tt21236128
nm0419330,Jazzmine,\N,\N,actress,tt0147302;tt0145153;tt0163196;tt0149119
nm0434879,Marco Khan,\N,\N,actor;stunts;producer,tt0383574;tt2994190;tt0443649;tt0371746
nm0445391,Tunde Kelani,1948,\N,director;producer;cinematographer,tt1775366;tt1592232;tt15150424;tt0846849
nm0446018,Kirk E. Kelleykahn,\N,\N,actor;director;writer,tt6610032;tt14695626;tt2361317;tt3103412
nm0448123,John F. Kennedy,1917,1963,writer,tt0052511;tt0039123;tt0207800;tt0057780
nm0464053,Borislav Kolev,1965,\N,director;writer;producer,tt23049890;tt2403001;tt5140178;tt6798414
nm0481815,Chasey Lain,1971,\N,actress;director,tt0114608;tt0160591;tt0124718;tt0124819
nm0521995,Michael Loukinen,\N,\N,director;producer;cinematographer,tt19781856;tt26659808;tt26696489;tt26724045
nm0551718,William Martens,\N,\N,producer;visual_effects;director,tt4955642;tt14449470;tt2220057;tt1643266
nm0571711,David McKibben,\N,\N,writer;composer;production_manager,tt0070689;tt26689866
nm0573270,Don McMillan,\N,\N,actor;writer;producer,tt0112178;tt0262571;tt0389937;tt0105946
nm0595934,Mohan Babu,1952,\N,actor;producer;writer,tt0924317;tt10189514;tt1212129;tt1212136
nm0599114,Anthony Montes,\N,\N,actor;producer;writer,tt0098105;tt3188546;tt14456740;tt4004842
nm0608683,Nthati Moshesh,1969,\N,actress,tt4459386;tt0119463;tt14220586;tt0352113
nm0609182,Don Most,1953,\N,actor;producer;soundtrack,tt1327801;tt0070992;tt9640414;tt0483796
nm0629737,Taylor Nichols,1959,\N,actor;producer;director,tt0181984;tt8324422;tt0109219;tt0100142
nm0630362,Kaylan Nicole,1973,\N,actress,tt0124447;tt0114401;tt0127109;tt0134350
nm0654655,Kola Oyewo,\N,\N,actor,tt21192566;tt13729636;tt18474006;tt11328154
nm0655585,Jared Padalecki,1982,\N,actor;producer;soundtrack,tt0758746;tt0397065;tt0384286;tt0460681
nm0676671,Scott Peters,\N,\N,writer;producer;director,tt0112111;tt0103352;tt1307824;tt0389564
nm0693148,Dina Potocki,\N,\N,editor;editorial_department;sound_department,tt0423652;tt10663998;tt1673792;tt0083962
nm0706948,Misty Rain,1969,\N,actress;director;cinematographer,tt0877718;tt0111134;tt0207139;tt0124394
nm0707352,Rajani,1965,\N,actress,tt0308674;tt0779746;tt0361506;tt0140677
nm0715672,Rosemarie Reed,\N,\N,director;producer;writer,tt10664532;tt10663998;tt10662370;tt10666128
nm0744802,Christopher Roth,\N,\N,editor;editorial_department;production_manager,tt0095444;tt6144876;tt0107387;tt11833710
nm0753768,Alicia Rio,1966,2022,actress;writer;producer,tt1577808;tt0149764;tt0105372;tt0145153
nm0767263,Caressa Savage,1966,\N,actress,tt0128575;tt1172595;tt0159950;tt0160093
nm0779440,Kente Scott,1977,\N,actor;writer;editor,tt0160862;tt27078639;tt0168786;tt0144528
nm0789059,Jennifer Sharp,\N,\N,editor;art_department;director,tt4225622;tt2405844;tt0829202;tt6765628
nm0796593,Enat Sidi,\N,\N,editor;editorial_department;writer,tt6905676;tt2125490;tt0486531;tt11388990
nm0816478,Radim Spacek,1973,\N,director;actor;writer,tt1359434;tt0140525;tt5994826;tt0117063
nm0853259,Tianna Taylor,1962,\N,actress,tt0131233;tt0145981;tt0099192;tt0149116
nm0888113,John Van Tongeren,\N,\N,composer;music_department;soundtrack,tt0120591;tt0111257;tt0112111;tt0120647
nm0928376,Rebecca Wild,1972,\N,actress;camera_department,tt0144516;tt0109186;tt0151760;tt0300111
nm0931354,Montel Williams,1956,\N,producer;actor;director,tt0044265;tt0147779;tt0112022;tt0120992
nm0943237,Robert Wuhl,1951,\N,actor;writer;producer,tt0094812;tt0093105;tt0115101;tt0096895
nm1000724,Francesco Di Giacomo,\N,\N,cinematographer;camera_department;actor,tt0120802;tt1562871;tt0362270;tt0141926
nm10097003,Joe Tabbanella,\N,\N,,\N
nm10110406,Jorge Colina,\N,\N,,tt19845076;tt0185065
nm10120698,Russell Clark,\N,\N,,tt3835096
nm10120701,Kevin Clegg,\N,\N,,\N
nm10169618,Shepsi Haider,\N,\N,actor,tt15352832;tt9000466;tt13222524;tt9080346
nm10169623,Whitney Marchelle Jackson,\N,\N,actress,tt9080346
nm10181391,Pablo Javier Alfaro,\N,\N,actor,tt9080346
nm10183024,Arsh Sandhu,\N,\N,actor;producer,tt8961466;tt11166508;tt26235412;tt9569656
nm10205376,Samiah Alexander,\N,\N,actress,tt11656220;tt12345814;tt15281062;tt26922029
nm10230618,Okan Isik,\N,\N,music_department;composer;costume_designer,tt12745908;tt8014576;tt11174344;tt9083954
nm10235487,Tori Webb,\N,\N,actress;miscellaneous,tt11820950;tt11889990;tt15047782;tt11639952
nm10261018,Sahar Afsha,1994,\N,actress;producer,tt15428512;tt9248880;tt15663172;tt26768535
nm10271872,Giorgos Alexakis,\N,\N,director;cinematographer;editor,tt21204060;tt27002836;tt9312516
nm10294362,Adar Baran Deger,\N,\N,art_department;script_department;assistant_director,tt10323492;tt16244350;tt19042672;tt3982854
nm10381732,Bhupender Singh Sandhu,1972,\N,producer,tt9569656;tt11166508;tt26235412;tt8961466
nm10393927,Matthew James French,\N,\N,actor,tt13760064;tt11889990;tt11951648;tt20851232
nm1043243,Edie Caggiano,1966,\N,actress,tt0118276;tt0389937;tt0290489;tt0163246
nm10510815,Shonda Scott,\N,\N,producer;writer,tt27078639;tt9348566
nm10548512,Amitabh Roy Chowdhury,\N,\N,editor,tt13175486;tt14744136;tt10022374;tt12413918
nm10575776,Gerod Bond,\N,\N,director;writer;editor,tt10086526
nm10575777,Matthew Courchaine,\N,\N,actor;producer,tt21101694;tt10086526
nm10642984,Samuel Scourfield,\N,\N,assistant_director;camera_department;editor,tt21479810;tt9079102;tt8709714
nm10678869,Johrel Martschinke,\N,\N,actor,tt11814742;tt8102498;tt11889990;tt10782876
nm10683703,Selim Yildiz,\N,\N,director;producer,tt10323492;tt10323430;tt10319424
nm10689887,Besna Xanim,\N,\N,,\N
nm10713709,Barbara Wood,\N,\N,director;cinematographer,tt0864920;tt0815125;tt0923900;tt0474420
nm10715010,Annalaura di Luggo,\N,\N,producer;director;writer,tt12678584;tt10378438;tt21236128;tt16619902
nm10756172,Turi Aleta,\N,\N,,tt10466320
nm10771349,Luigi Ferrajoli,\N,\N,,tt2294989;tt18225750
nm10780270,Mann Qureshi,\N,\N,actor,tt10515438;tt13045552
nm10809958,Ettore Zuccarelli,\N,\N,producer,tt15105658;tt8962754;tt15826398;tt15106592
nm10834610,Abby Shayne,\N,\N,actor,tt8962754;tt10521380
nm10847366,Jonathan Smith,\N,\N,cinematographer;camera_department,tt10663998;tt10664722;tt10664532;tt0820989
nm1085812,Von Kochar,\N,\N,director;miscellaneous;writer,tt16418270;tt16528122;tt2597650;tt7365590
nm10887824,Syed Irfan,\N,\N,,tt26923844;tt8108186;tt26768535;tt10749962
nm10895434,Morris R. Austin,\N,\N,actor,tt12580928;tt10766586;tt26922029;tt10293938
nm10926646,Fyodor Chernousov,\N,\N,writer;cinematographer;actor,tt10925174;tt10883484;tt10873588;tt10834060
nm10926648,Evgeniy Materiy,\N,\N,cinematographer,tt10834060;tt10925174;tt10925148;tt10873588
nm10946029,Natalya Stepanova,\N,\N,,\N
nm1097231,Michael Tyler Henry,1990,\N,actor,tt0094574;tt0415463;tt0108757;tt0389937
nm10980335,Ankshree,\N,\N,producer;casting_director,tt25385756
nm10994238,Youssouf Kone,\N,\N,,tt10645774;tt13074816;tt21236128
nm11057065,Elsa Ghosh,\N,\N,,tt18930374;tt22353382;tt11122324;tt23848044
nm11064464,Jack Turner,\N,\N,director;writer;assistant_director,tt22016398;tt26252856;tt15682120
nm11064465,Jordan Clarke,\N,\N,camera_department;cinematographer,tt6268200;tt15733076;tt22016398;tt20867814
nm11181280,Alex Maier,\N,\N,editor;cinematographer;producer,tt26724045;tt25982108;tt16348520;tt16348448
nm11231397,Aaliyah Barnett,\N,\N,actress,tt11176490;tt26922029;tt13497968;tt13807990
nm11272660,Ben Colbeck,\N,\N,composer;soundtrack;music_department,tt13242708;tt10212042;tt13943120;tt6765628
nm11292473,Alex de la Rey,\N,\N,actor,tt11654554
nm11362146,Jake Moss,\N,\N,director;writer;editor,tt11951648;tt11814742;tt11889990;tt16993796
nm11362147,Michael Allen,\N,\N,actor;producer,tt16993796;tt11814742;tt11889990;tt11951648
nm11362150,Dimitri Politis,\N,\N,actor;miscellaneous,tt11814742;tt15800586;tt11889990;tt11951648
nm11447989,Zed Hopkins,\N,\N,actor;production_manager,tt12263108;tt11889990
nm11504951,Djordje Mirkovic,\N,\N,actor,tt5118516
nm11568999,Mihai Stanciu,\N,\N,cinematographer;editor,tt12298092
nm11620437,Winston Cowie,\N,\N,director;writer;producer,tt12413918;tt12414472;tt14744136
nm11620438,Mariam Al Qassimi,\N,\N,producer,\N
nm11620439,Rashed Al Zaabi,\N,\N,producer,\N
nm11620444,Ebtesam Al Harthi,\N,\N,producer,tt12414472;tt12413918;tt14744136
nm11647260,Austin Carrington-Scott,\N,\N,actor;editor;producer,tt12477956;tt27078639
nm11710798,Sergey Chekalin,\N,\N,composer,tt12683912;tt14888920;tt13545924;tt14947734
nm11716488,Joshua Dupree,\N,\N,actor,tt17320728;tt15765138;tt17014810;tt12655374
nm11716491,Marissa Allen,\N,\N,producer;director;actress,tt12655374;tt17014810
nm11735136,Samuel Bora,\N,\N,,tt12670610
nm11752277,Sara Pattarini,\N,\N,writer;producer,tt12745908;tt14707014
nm11776886,Tim Craft,\N,\N,,\N
nm11776889,Brendan Boylan,\N,\N,producer,tt12803632
nm11776890,Eli Hardin,\N,\N,writer;script_department,tt12803632
nm11776891,Thomas Manning,\N,\N,writer;producer;miscellaneous,tt15037896;tt12803632
nm1186425,Jacob Teixeira,\N,\N,editorial_department;editor;producer,tt5370734;tt15078760;tt13458442;tt0239195
nm11876553,Toran Rajput,\N,\N,cinematographer,tt13099700;tt13099338;tt13045552;tt13099604
nm11876563,Akash Soni,\N,\N,actor,tt13045552
nm11876564,Niraj Vikram,\N,\N,writer;producer,tt13045552;tt2649730;tt13842546
nm11876566,Tulendra Patel,\N,\N,editor;actor,tt20751628;tt21074308;tt23711624;tt20260370
nm11901713,Haden Mckenna,\N,\N,actor,tt12966276
nm11963831,Abigail Kot,\N,\N,actress;make_up_department,tt23828798;tt13242032;tt14796610;tt19175658
nm11965107,H.M. Srinandan,\N,\N,director;actor;writer,tt26768535;tt13243484;tt26923844
nm12026273,Teju Anupoju,\N,\N,actress,tt15446066;tt24668540;tt12960116
nm12032077,Mainak Paul,\N,\N,director;writer,tt13388966
nm12032078,Mayur Paul,\N,\N,actor,tt13388966
nm12032079,Debjit Gain,\N,\N,composer,tt13388966
nm12073441,Ivan Miladinov,\N,\N,writer,\N
nm12078769,Quintin Low,\N,\N,actor,tt11889990
nm12109637,Meri Khojayan,\N,\N,director;writer;producer,tt13563118
nm12109638,Robert Poortinga,\N,\N,cinematographer;editor;producer,tt13563118
nm12109639,Luis Garbayo,\N,\N,,tt13563118
nm12109640,Sigurd Rosbroy,\N,\N,,tt13563118
nm12205311,Nadia Cassago,\N,\N,art_department;visual_effects;editor,tt15791176;tt6784660;tt14648000;tt5354378
nm12220995,Wilson Sunday Aina,\N,\N,actor;director;writer,tt13413498;tt22098054;tt26922029;tt17291836
nm12260268,Sri Guru,\N,\N,composer,tt26768535;tt26923844;tt13906572
nm12269197,Rosalba Costillo,\N,\N,,tt10218112
nm12271145,Yung Te Wang Angelica,\N,\N,,tt10218112
nm12285790,Arpit Garg,\N,\N,producer,tt11157934;tt26235412;tt14021802;tt26542744
nm12286887,Griff Stafford,\N,\N,sound_department;director;writer,tt21818188;tt21515872;tt11348164;tt15219602
nm12320545,Dale Fiola,\N,\N,actor;writer;producer,tt15325916
nm12422634,Joy Seojin Yang,\N,\N,actress,tt8324356;tt15325916;tt14218830;tt18297816
nm12431554,Jadi Akash,\N,\N,actor,tt26768535;tt5332216;tt2955162;tt13801624
nm12450666,Andrey Burov,\N,\N,cinematographer,\N
nm12506431,Chinni Krishna,\N,\N,composer,tt24668540;tt14564520;tt14495814
nm1252930,Pepe Rafaj,1971,\N,producer,tt3375598;tt6201762;tt1002978;tt3488408
nm12531837,Moe Taylor,\N,\N,producer;director;writer,tt14588478;tt15352586;tt20242550;tt27117275
nm12534861,Petar Klinac,\N,\N,director;actor;writer,\N
nm12534862,Vid Dodo,\N,\N,actor;writer,\N
nm12534863,Fran Sokac,\N,\N,actor,\N
nm12534864,Elizabeta Vegh,\N,\N,actress,\N
nm12534874,Karla Stefan,\N,\N,actress;writer;miscellaneous,tt14562768
nm12534889,Mate Pusic,\N,\N,actor;writer;cinematographer,tt14562768
nm12534917,Karlo Pusic,\N,\N,editor;transportation_department,tt14562768
nm12538671,Carlos Cazurro,\N,\N,director;writer;cinematographer,tt16267110;tt14571764;tt18339166
nm12567016,Frank McKinney III,\N,\N,,tt14626184
nm12567017,Michael J. Solender,\N,\N,,tt14626184
nm12569684,Frank McKinney IV,\N,\N,,tt14626184
nm12587261,Donnamarie Davis,\N,\N,actress;producer;casting_department,tt14752358;tt8068860;tt12949730;tt16968500
nm12614155,Matty Crull,\N,\N,actor;composer;director,tt12956928;tt26689035;tt26689866
nm12619575,Josh DJ Ghost Barrett,\N,\N,actor;music_department,tt14752358;tt16968500;tt5452728
nm12619746,Tina Diamond Kuts Dunham,\N,\N,actress,tt14752358
nm12621518,Khansa Al Blooki,\N,\N,producer,tt12413918;tt14744136;tt12414472
nm12640066,Ava Pond,\N,\N,actress;writer;make_up_department,tt23828798;tt14796610;tt19175658
nm12776787,J. Margo Giron,\N,\N,camera_department;producer;writer,tt15197550;tt13871588;tt15155824;tt16287710
nm12786341,Jimmy Montgomery,\N,\N,composer;producer;writer,tt15115682;tt15108182
nm12787748,Jeffrey Daniel Herrell,\N,\N,actor;producer,tt15115682;tt15108182
nm12787749,Esme Grey Moffat,\N,\N,actress,tt15115682;tt15108182
nm12788444,Aruni Bhatnagar,\N,\N,,tt15108182
nm12796011,Pablo Piedras,\N,\N,producer;actor,tt21799158;tt21922404;tt23036566;tt21995284
nm1283909,Hari Nandamuri,\N,\N,editor;editorial_department,tt1045839;tt11564382;tt23644098;tt19712142
nm12875391,Taylor Hawkins,\N,\N,cinematographer,tt14626184
nm12963464,Catalin Priscornita,\N,\N,producer,\N
nm12963465,Albert Deak,\N,\N,producer,\N
nm12963466,Ana Caras Petcu,\N,\N,,\N
nm12963467,Hanna Deak,\N,\N,,\N
nm12963469,Paul Plesa,\N,\N,cinematographer;writer;editor,tt7996746;tt7996732;tt9078956;tt16411846
nm12963470,Iulius Cioara,\N,\N,editor,\N
nm12963471,Daniela Elena Dragan,\N,\N,editor,\N
nm12964689,M.B. Allikatti,\N,\N,cinematographer,tt15483684;tt18186810;tt26923844;tt26768535
nm13007804,Prince Xdon,\N,\N,director;cinematographer;miscellaneous,tt15569164
nm13007806,Modesta Egbe,\N,\N,actor,tt15569164
nm13007807,Joseph Daniels,\N,\N,actor,tt15569164
nm13007808,Don Julio Bats,\N,\N,,tt22072316;tt15569164
nm13034656,Regiana Queiroz,\N,\N,director;writer;editor,tt18264278;tt18249660;tt18247736;tt18264320
nm13128467,Unni Leufvenmark,\N,\N,,tt16112972
nm13128468,Inge Tjernlund,\N,\N,,tt16112972
nm13241858,Kali Funston,\N,\N,actress,tt15325916
nm13309494,Alvin Eberhardt,\N,\N,actor;stunts,tt22882390;tt17014810
nm13310119,Pablo Sarasate,\N,\N,composer,tt13563118
nm13328002,Rawaa Benham,\N,\N,,\N
nm13328004,Feda Botrous,\N,\N,,\N
nm13328005,Gorgis Shabo Afram,\N,\N,,\N
nm13328008,Maryams Father,\N,\N,,\N
nm13328009,Mahmood Shakir,\N,\N,,tt14605420
nm13328010,Roni Shamuon Alyas,\N,\N,,tt14605420
nm13328011,David Schlaepfer,\N,\N,,\N
nm1337075,Sydney,\N,\N,actress,tt0126551;tt0808917;tt0238096;tt0156285
nm13394245,Kareem Everison,\N,\N,actor;director;writer,tt15765138;tt23552240;tt22882390;tt17014810
nm13394246,Breanna Bethell,\N,\N,,tt17014810
nm13405901,Ian Oswald,\N,\N,director;writer;art_department,tt26717296;tt16913104
nm13437160,Iván Carlón,\N,\N,composer;producer,\N
nm13438788,Herminia Gato,\N,\N,,\N
nm13438790,Elisa Cerrillo,\N,\N,,\N
nm13448701,Ludger Kreilos-Erichsen,\N,\N,,\N
nm13487041,Jessica Rosado,\N,\N,assistant_director;producer,tt17014810;tt21059162
nm13525698,Chloe Levy,\N,\N,actress;make_up_department;writer,tt19175658
nm13535767,Carsen Schroeder,\N,\N,actress,tt22868140;tt21345048;tt26300338
nm13544539,Darius Burton,\N,\N,director;cinematographer;producer,tt19370518;tt19893056
nm13544540,Cindy Elizabeth,\N,\N,actress,tt19370518
nm13544541,Angel Rosado,\N,\N,actor,tt19370518
nm13544542,Karen Johnson,\N,\N,actress,tt19370518
nm13544543,JS Havilah,\N,\N,writer,tt19370518
nm13594007,Rehan Katrawale,2001,\N,actor;director;writer,tt23809946;tt23183214;tt22311278;tt22768254
nm13607258,Ken Miles,\N,\N,producer;director;writer,tt19845076;tt22166546
nm13615804,Hans Braga,\N,\N,actor,tt21345048;tt19857504
nm13619252,Hugo Ellingham,\N,\N,composer;sound_department,tt22016398
nm13620161,Bernard Gray,\N,\N,editor,tt14752358
nm13643039,Aysha Buffet,\N,\N,actress,tt23774026;tt20124482
nm13643946,Travis Glasson,\N,\N,,tt20158938
nm13643947,David Goldenberg,\N,\N,,tt20158938
nm13643948,Cord Whitaker,\N,\N,,tt20158938
nm13643949,Divina Blackson,\N,\N,,tt20158938
nm13643950,Elizabeth Henry,\N,\N,,\N
nm13643951,Clare Williams,\N,\N,,tt20158938
nm13654962,James Guzek,\N,\N,,tt12670610
nm13781505,Ntr,\N,\N,editor,tt21100430;tt24668540
nm13782016,Ashwin Muthiah,\N,\N,writer;producer,\N
nm13782017,Nineli Sukhashvili,\N,\N,producer,\N
nm13782018,Dato Nozadze,\N,\N,producer,tt5892626;tt21101694
nm13782019,Carlos Andres Charria,\N,\N,cinematographer,\N
nm13784338,Atharv,\N,\N,actor;cinematographer,tt21105672;tt25385756
nm13786981,Miguel Ángel Gonzalez Gómez,\N,\N,,tt21110404
nm13799999,Nathaniel White,\N,\N,,tt19845076
nm13831199,Pino Giuseppe Amabile,\N,\N,,tt21236128
nm13831200,Larissa De Maio,\N,\N,,tt21236128
nm13831201,Noemi Marano,\N,\N,,tt21236128
nm13834078,Wendy Angwi,\N,\N,actress,tt15058860;tt15569164
nm13834079,Tarela S. Afore,\N,\N,actress,tt15569164
nm13834080,Chioma Agogu,\N,\N,actress,tt15569164
nm13834081,Gbubem Erefe,\N,\N,actress,tt15569164
nm13834082,Ufuoma Erefe,\N,\N,actress,tt15569164
nm13865953,Chad Weirick,\N,\N,composer;music_department,\N
nm13886642,Nymisha Gummadi,\N,\N,production_designer,tt21345048;tt23732682
nm1388719,Karis Campbell,\N,\N,actress;director;writer,tt0247081;tt0200276;tt0427454;tt8096226
nm13893609,Iris Goode,\N,\N,,tt22191702
nm13904626,Javon Jerrod Chandler,\N,\N,actor;costume_department,tt26922029;tt26937647;tt21437730
nm13910343,Jessica Campbell,\N,\N,,\N
nm13910344,Sean Davis,\N,\N,,\N
nm13910345,Mitchell Bryan,\N,\N,,tt21479810
nm13910347,Jennifer Beauvais,\N,\N,,tt21479810
nm13910349,Jeremiah Higgins,\N,\N,cinematographer;visual_effects;editor,\N
nm13910350,Elijah Larson,\N,\N,cinematographer,tt21479810
nm13942241,Lucia Seles,\N,\N,director;writer;editor,tt21995186;tt21799158;tt21995284
nm13942243,Gabriela Ditisheim,\N,\N,actress,tt21995284;tt21995186;tt21799158
nm14000344,Camillus House,\N,\N,,tt19845076
nm14018673,Luiza,\N,\N,composer,tt21995284;tt21995186
nm14018751,Natalia Miranda,\N,\N,actress,tt21995284
nm1405561,José Manuel Jiménez,1977,\N,editor;editorial_department,tt13968380;tt8376986;tt14989818;tt7336470
nm14069432,Njiba Tirado,\N,\N,,tt22191702
nm14069433,Ashley Taliaferro-Davis,\N,\N,,tt22191702
nm14069434,Chennay Murphy,\N,\N,,tt22191702
nm14069435,Marietta Thornton,\N,\N,,tt22191702
nm14069436,Jason Washington,\N,\N,producer,tt22191702
nm14069437,Kelly Cones,\N,\N,editor,tt22191702
nm14087206,Avikash Sharma,\N,\N,actor,tt22311278;tt22768254
nm14108634,Mike Carano,\N,\N,cinematographer,tt22489120
nm14109016,Marcello Aliquo,\N,\N,actor,tt22490110
nm14109020,Piero Aliquo,\N,\N,actor;producer,tt22490110
nm14109023,Alessandro Aliquo,\N,\N,actor,tt22490110
nm14109036,Chayde Adams,\N,\N,actor,tt22490110
nm14109042,Sam Shamrock,\N,\N,writer,tt22490110
nm14109045,Warpath Records,\N,\N,composer,tt22490110
nm14118077,Darnell W. Tyler,\N,\N,producer,tt22530162
nm14118082,Isaiahs Emmanuel Goyco,\N,\N,composer;sound_department,tt22530162
nm14132327,Aleksa Maksimovic,\N,\N,editor;director,tt22750756
nm14135913,Viraj,\N,\N,,tt22768254
nm14137515,Pankaj Kumar,\N,\N,actor,tt23809946;tt22768254
nm14138081,Sofija Brankovic,\N,\N,actress,\N
nm14138083,Marko Milicevic,\N,\N,actor,tt22773492
nm14138084,Dusan Drazeta,\N,\N,actor,\N
nm14138085,Ksenija Mirkovic,\N,\N,writer;composer;producer,\N
nm1414956,Saidi Balogun,1967,\N,actor;director;producer,tt23011928;tt17324060;tt3031922;tt18468862
nm14189287,Atul Dogra,\N,\N,actor,tt22768254
nm14189303,Viraj Murlidharr,\N,\N,actor;producer,tt22768254;tt23809946
nm14215744,Jesuseun Alabi,\N,\N,,tt19370518
nm14215903,Kasim Ruffin,\N,\N,actor,tt19370518
nm14215904,Christian Robin,\N,\N,actor,tt19370518
nm14233118,Michael Ingoldsby,\N,\N,,\N
nm14233119,Brigie Ingoldsby,\N,\N,,\N
nm14233124,Andrew Murphy,\N,\N,composer,\N
nm14261712,Joseph Gardner,\N,\N,director;producer,tt23774026
nm14261713,Andrew Cox,\N,\N,director;editor,tt23774026
nm14261714,Zodiac,\N,\N,,tt23774026
nm14261715,Lady Diamond,1980,\N,,tt23774026
nm14261716,Adam Tambakau,\N,\N,cinematographer,tt23774026
nm14264890,Sunaksh Bhagat,\N,\N,actor,tt22768254
nm14273834,Rhianna Giselle Ricafort,\N,\N,composer,tt23828798
nm14273835,Valente McNamer,\N,\N,composer,tt23828798
nm14273836,Emanuel De Barraicua Pailes,\N,\N,composer,tt23828798
nm14291057,Juwel Chowdhury,\N,\N,director;actor;editor,tt26689248;tt26520259;tt23869932;tt26589967
nm1429248,Aksha Pardasany,1991,\N,actress,tt11150912;tt0238936;tt0430381;tt2018083
nm14358104,Medapati Vijay Krishna,\N,\N,director;actor;writer,tt24668540
nm14358106,Sunny D,\N,\N,cinematographer,tt24668540
nm14365361,Yogisha Sukanya,\N,\N,actress,tt24668540
nm14365362,Naga Mahesh,\N,\N,actor,tt24668540
nm14413768,Punit Kumar,\N,\N,director,\N
nm14413769,Aryan Rajvansh,\N,\N,actor,tt25385756
nm14413770,Navin Anand,\N,\N,producer,\N
nm14469737,Will Carson,\N,\N,producer,tt22016398
nm14469738,Richard Aspland,\N,\N,producer,tt22016398
nm14480732,Rohit Vikkram,\N,\N,actor,tt26235412
nm14500691,Ricky Riyaf,\N,\N,actor;cinematographer;editor,tt26520259;tt26671700;tt26589967;tt26689248
nm14503248,Fardinanth,\N,\N,writer;composer;actor,tt26589967;tt26520259;tt26689248;tt26627413
nm14524889,Louis C.,\N,\N,director;actor;writer,tt26678993
nm14539949,Irene Vuorenmaa,\N,\N,,tt26659808
nm14539950,Hilary Virtanen,\N,\N,producer,tt26659808;tt26724045
nm14539951,Colleen Creech,\N,\N,,\N
nm14539952,Tammy Santti-Kero,\N,\N,,tt26659808
nm14539953,Lorri Oikarinen,\N,\N,,tt26659808
nm14552345,Jesse Davis,\N,\N,actor;writer;composer,tt26689866
nm14552346,David McKibben,\N,\N,actor;producer,tt26689866
nm14552358,Derrek Bertrand,\N,\N,actor,tt26689866
nm14557137,Oren Tikkanen,\N,\N,,tt26696489
nm14557138,Jim Leary,\N,\N,,tt26696489
nm14557139,Art Moilanen,\N,\N,,tt26696489
nm14557141,Al Reko,\N,\N,,tt26696489
nm14557904,Pekka Olson,\N,\N,,tt26697490
nm14557905,Paul Heikkila,\N,\N,,tt26697490
nm14557906,Paavo Nurmi,\N,\N,,tt26697490
nm14557907,Marjorie Miller,\N,\N,,tt26697490
nm14557908,Arne Pelto,\N,\N,,tt26697490
nm14560234,Cordero Jackson,\N,\N,cinematographer;producer,tt26717296
nm14565215,Dan Gregg,\N,\N,producer,tt23774026
nm14569350,Dennis Davis,\N,\N,,tt26745712
nm14569351,Aida Aulbekova,\N,\N,,tt26745712
nm14569352,Duncan Brooks,\N,\N,,tt26745712
nm14569357,Jonnathan Francisco Morales Searles,\N,\N,composer,tt26745712
nm14569358,Faruk Elkountar,\N,\N,composer,tt26745712
nm14569359,Jorge Pavez,\N,\N,cinematographer;assistant_director,tt26745712
nm14575300,Ranjeet Kumar Shukla,1976,\N,director;actor;writer,tt26762520;tt26754650;tt26792486
nm14575301,Manjoo Rani Shukla,1974,\N,actress;producer,tt26754650;tt26762520
nm14575302,Aditya Arnav,2005,\N,actor,tt26754650
nm14575303,Aman Pandey,\N,\N,actor,tt26754650
nm14584001,Garret McCall,\N,\N,producer,\N
nm14584725,Sumeeta Bajaj,\N,\N,actor,tt26768535;tt26923844
nm14584726,Ramesh Munihanumappa,\N,\N,producer,tt26768535
nm14584727,Vinas Nagaraj Murthy,\N,\N,cinematographer,tt26768535
nm14584728,Venkey UDV,\N,\N,editor,tt26923844;tt26768535
nm14618674,Maria Anthopoulou,\N,\N,writer;editor,\N
nm14618675,Hristina Preftitsi,\N,\N,editor;miscellaneous,\N
nm14618676,Michael Stier,\N,\N,editor,\N
nm14618677,Evi Kyriazidou,\N,\N,composer,\N
nm14618678,Nikos Valtadoros,\N,\N,composer,\N
nm14637337,Sherri McMullen,\N,\N,,tt27078639
nm14637338,Gaby Battle,\N,\N,,tt27078639
nm14637339,Michael LeBlanc,\N,\N,,tt27078639
nm14637344,Zachary E. Carey,\N,\N,,tt27078639
nm14642105,Christos Sidiropoulos,\N,\N,composer,tt27002836
nm14642133,Christina Preftitsi,\N,\N,writer,tt27002836
nm14653484,Stephens Alicia,\N,\N,actor,tt26922029
nm14653486,Peters Chris,\N,\N,cinematographer,tt26922029
nm1466777,Marc Wiercioch,\N,\N,camera_department;cinematographer;producer,tt2234429;tt1179794;tt0829297;tt1031280
nm1479528,George Missor,\N,\N,editor;editorial_department;visual_effects,tt0456554;tt0401792;tt0358273;tt0408790
nm1482061,Gabriele Perretta,\N,\N,actor,tt0385520;tt21236128
nm1486670,Lance Gewer,\N,\N,cinematographer;camera_department;director,tt0387057;tt0468565;tt2044801
nm1507308,Theodore Ushev,1968,\N,director;writer;editor,tt5559726;tt1783738;tt2099706;tt10739144
nm1516058,Deepraj Rana,\N,\N,actor,tt2377938;tt2574698;tt3595298;tt7624920
nm1520945,Sebastian Toro,\N,\N,visual_effects;editorial_department;camera_department,tt4210344;tt10384744;tt4411504;tt3011894
nm1597226,Sheila Marshall,\N,\N,script_department;miscellaneous;producer,tt20158938;tt8766902;tt0314331;tt2616524
nm1619486,Ravi Bhat,\N,\N,cinematographer;camera_department,tt15816968;tt0348824;tt0118751;tt0418598
nm1625350,Robert DeCesare,\N,\N,actor;writer,tt0413323;tt1605800;tt0320981;tt12745908
nm1626405,Simuel Denell Rankins,\N,\N,director;producer;writer,tt1433527;tt26922029;tt2402213;tt0412582
nm1640696,Mboya Peters,\N,\N,producer;actor;writer,tt1433527;tt2402213;tt26922029
nm1703983,Yorick Niess,\N,\N,editor;director;cinematographer,tt1233200;tt18372080
nm1705859,Federico Torres,1984,\N,cinematographer;camera_department,tt1886569;tt5354378;tt5290524;tt4992060
nm1729337,Akinwunmi Ishola,1939,2018,writer;actor;producer,tt0489978;tt0424777;tt3995596;tt0082310
nm1754494,Tracy Wren,\N,\N,director;producer;writer,tt1737628;tt6610032;tt0430945;tt2719024
nm1759015,Jonathon Haderlein,\N,\N,actor;producer,tt3526310;tt0441667;tt2451966;tt0432437
nm1759016,Peter Haderlein,\N,\N,actor;producer,tt2189866;tt3526310;tt0432437;tt0441667
nm1784459,Don Haderlein,\N,\N,producer;director;editor,tt10654952;tt3446422;tt0441667;tt3526310
nm1788321,Alyssa Rachelle,\N,\N,producer;director;writer,tt26913149;tt6992710;tt12950110;tt12934848
nm1790383,Paul Howard,\N,\N,actor;producer;director,tt8962754;tt15094416;tt15100752;tt15100552
nm1802317,Gigi Roccati,\N,\N,director;writer;cinematographer,tt14943980;tt7586304;tt5440516;tt3224440
nm1818652,Bernadette Haderlein,\N,\N,composer;music_department;director,tt3753860;tt6700260;tt3526310;tt0441667
nm1883831,Aaron Lee Lopez,\N,\N,producer;miscellaneous;editor,tt14015296;tt12717390;tt15035024;tt8835626
nm1885584,Thomas A. Morgan,1967,\N,producer;writer;director,tt2294901;tt4058426;tt3042964;tt6091122
nm1889914,Brush Shiels,\N,\N,soundtrack,tt9575478;tt0264270;tt23632152;tt9639676
nm1939363,Márcia Tiburi,1970,\N,writer,tt16384190;tt9874080;tt18225750;tt8631464
nm1943777,Antoinette Louw,\N,\N,actress,tt19036092;tt2980650;tt6002522;tt8694958
nm1963413,Adam Thal,1980,\N,producer;writer;executive,tt11196698;tt15307244;tt0495363;tt11654554
nm2028023,Dusan Alagic,\N,\N,music_department;composer,tt13715080;tt14760960;tt0477822;tt22773492
nm2029571,Kathy Shipp,\N,\N,producer;actress;executive,tt0479049;tt1129416;tt4106242;tt1008037
nm2031440,Darla Rae,\N,\N,producer;director;actress,tt0479049;tt10466320;tt10218112;tt2362354
nm2067382,Brandon Lee Keropian,\N,\N,sound_department;music_department;producer,tt2555246;tt1930381;tt1393001;tt2385952
nm2102293,Kareem Adepoju,\N,\N,actor;writer;producer,tt1592232;tt18469006;tt17324060;tt18474006
nm2131783,Kristin Ojaniemi,\N,\N,cinematographer;director;writer,tt26696489;tt6841488;tt9390042;tt26724045
nm2145211,Tristan Martin,\N,\N,composer,tt6468098;tt0483813
nm2158210,Michelle Marrion,\N,\N,camera_department;director;cinematographer,tt7137906;tt12624928
nm2167702,Arshad Siddiqui,\N,\N,writer;director;producer,tt10815982;tt3411076;tt26235412;tt6923578
nm2177899,Corey Wallace,1982,\N,music_department;composer;soundtrack,tt1520211;tt22179486;tt7798604;tt10559102
nm2215439,Deji Aderemi,\N,\N,actor,tt3995596;tt0786916;tt1775366;tt1125308
nm2215706,Roman Mitichyan,\N,\N,actor;stunts;producer,tt11286314;tt7772588;tt7203552;tt6146586
nm2271332,Jason Aldean,1977,\N,soundtrack;actor,tt4572514
nm2279883,Naresh Khanna,\N,\N,director;assistant_director;production_manager,tt0286421;tt0233464;tt26738745;tt4670548
nm2290761,Pedro Peira,\N,\N,miscellaneous;producer;director,tt0835473;tt3338516;tt8392130;tt15079058
nm2297155,Robert Beckford,\N,\N,writer,tt1589886;tt20158938;tt1366309;tt1623147
nm2345221,Doctor,\N,\N,actor,tt2007976;tt0815118;tt1909351;tt0220653
nm2442066,Pat Ingoldsby,\N,\N,,tt0864344
nm2503790,Louie Feher-Peiker,\N,\N,actor;producer,tt2181939;tt2362354;tt3810790;tt1429360
nm2525174,Michael Lawrence,\N,\N,producer;writer;director,tt7537096;tt12966276;tt13229726;tt5595032
nm2539631,Urmi Negi,\N,\N,actress;writer,tt4670548;tt0270820;tt0457014;tt1294665
nm2583950,Darryl Hardin,\N,\N,visual_effects;editor;cinematographer,tt0112112;tt0118688;tt2283952;tt0111892
nm2588803,Jeani DiCarlo,\N,\N,writer;producer,tt2597650;tt4246294;tt16528122;tt0981363
nm2589335,Martín Aletta,\N,\N,actor;writer;editor,tt3171662;tt2120794;tt10517718;tt13279738
nm2671222,Leah Chase,1923,2019,actress,tt3560084;tt6447082;tt5475294;tt1515195
nm2687494,Mario Tardón,\N,\N,actor;director;writer,tt4776998;tt3231054;tt1318517;tt4136774
nm2711264,Flaminia Bonciani,\N,\N,actress;director;producer,tt1065090;tt1521348;tt6056126;tt3820042
nm2816779,Van Alpert,1986,\N,director;actor;camera_department,tt12966276;tt14984500
nm2947395,Maura Dhu Studi,\N,\N,actress;writer;producer,tt1168645;tt15144298;tt6730328;tt2160201
nm2949229,Ciera Danielle,\N,\N,actress;producer;writer,tt4133310;tt13562844;tt12973910;tt4004842
nm2954620,Lolis Eric Elie,\N,\N,producer;writer;miscellaneous,tt1279972;tt1740299;tt10065678;tt3502248
nm2963395,Bruce Witkin,\N,\N,soundtrack;music_department;producer,tt0285823;tt3045616;tt2180411;tt6807472
nm2983332,Dan Freene,\N,\N,cinematographer;camera_department;editor,tt1647483;tt2146834;tt15720834;tt4693358
nm3003296,C.V. Ramana Babu,\N,\N,director;assistant_director,tt1228989
nm3005273,Amza Moglan,\N,\N,cinematographer;camera_department;miscellaneous,tt5969070;tt4012916;tt9358228;tt15773254
nm3057401,Zlatko Suboticanec,\N,\N,actor;composer;sound_department,tt0871006;tt14562768
nm3080419,Ardeshir Radpour,\N,\N,stunts;actor;miscellaneous,tt1630029;tt2975590;tt8466564;tt13668894
nm3091893,Jerome Kurtenbach,\N,\N,composer;soundtrack;music_department,tt0822856;tt4094300;tt23181238;tt7304844
nm3092373,Amanda McGrady,\N,\N,camera_department;cinematographer;make_up_department,tt12637024;tt7385642;tt10449618;tt6418570
nm3098320,Robert Swan,\N,\N,,tt0380894;tt12413918
nm3127076,Ken Joseph,\N,\N,music_department;composer,tt14626184;tt12866426;tt6091122;tt9424718
nm3133121,Mor Mezrich,\N,\N,music_department;actor;composer,tt1013651;tt4449082;tt0775482;tt4338862
nm3201579,Ava Addams,1981,\N,actress,tt7496546;tt4551842;tt6467396;tt7328050
nm3217009,Josef Krajbich,\N,\N,editor;writer;cinematographer,tt10982378;tt3798522;tt7390216;tt13174830
nm3271046,Lori Stoutenburg,\N,\N,art_department;art_director;production_designer,tt0475925;tt6065542;tt1737585;tt0146386
nm3322225,John de Menil,\N,\N,cinematographer;camera_department;director,tt1482459;tt3728372;tt12895776;tt3776704
nm3347027,Jack McDonald,\N,\N,camera_department;cinematographer;editor,tt6217926;tt1900902;tt13484860;tt4846232
nm3373988,Supriyo Dutta,\N,\N,actor,tt3812238;tt2770974;tt1443519;tt9319882
nm3390665,Imelda May,\N,\N,soundtrack,tt1235189;tt1126618;tt10334148;tt1321870
nm3400001,Erick Schroder,\N,\N,composer;music_department,tt6506346;tt15568228;tt11268742
nm3418302,Nichole Ruiz,\N,\N,camera_department;cinematographer;producer,tt8193232;tt6972332;tt21345048;tt12410182
nm3526776,Gary Brackett,1980,\N,actor,tt0407423;tt0065323;tt2938796;tt0896893
nm3530768,J.C. Hopkins,\N,\N,actor;writer;director,tt4397108;tt1466943;tt14061336;tt9080346
nm3547156,Byron Austen Ashley,1990,\N,producer;manager;editorial_department,tt4437046;tt11214196
nm3548175,Carlos R. Diazmunoz,\N,\N,cinematographer;camera_department;director,tt10926944;tt1880279;tt1474422;tt1322398
nm3549573,Isabella Blake-Thomas,2002,\N,actress;producer;writer,tt1586680;tt10324122;tt22167790;tt1843230
nm3564743,Èric Boadella,1980,\N,director;writer;editor,tt5555260;tt2375707;tt12745908;tt6460764
nm3564978,Toyin Agbetu,\N,\N,director;composer;writer,tt4132034;tt1498188;tt20158938;tt1485031
nm3584560,Robert Nazar Arjoyan,1989,\N,editor;director;editorial_department,tt3261182;tt2833550;tt7068618;tt2270870
nm3626176,Laura Nevole,\N,\N,actress,tt21799158;tt0431670;tt21995284;tt21995186
nm3740866,Torian Tarrant,\N,\N,camera_department;miscellaneous;writer,tt17005194;tt17014810;tt12608168;tt0446622
nm3777016,Kevin Sorrell,\N,\N,producer;cinematographer;writer,tt6992710;tt3277588;tt3277462;tt3277554
nm3787016,Riho Iida,\N,\N,actress;music_department;soundtrack,tt1796563;tt2595486;tt6344334;tt1623670
nm3859050,Ambre Anderson,\N,\N,actress;director;music_department,tt3749900;tt3339966;tt3281796;tt7585314
nm3864890,Armeen Acy,\N,\N,actor;director;writer,tt26922029;tt9310136;tt4288182;tt18815196
nm3935868,Mona Rabie,\N,\N,editor,tt0421642;tt0233905;tt0422708;tt1664814
nm3937709,Daniel Maldonado,\N,\N,cinematographer;camera_department;director,tt8835626;tt2553746;tt1669819;tt2849870
nm3953562,Stephen C. Walsh,\N,\N,cinematographer;camera_department;editor,tt6770142;tt2460366;tt2375585;tt1487266
nm4001585,Sebastian Gollek,\N,\N,editor;producer;visual_effects,tt0418115;tt2518306;tt23632152;tt8299778
nm4084263,B.J. Iwen,\N,\N,camera_department;cinematographer;miscellaneous,tt4998632;tt1025100;tt1745960;tt8106534
nm4107371,Yurika Kubo,\N,\N,actress;soundtrack,tt2047769;tt2595486;tt5567348;tt7474942
nm4110523,Pallavi Sastry,\N,\N,actress;producer;writer,tt4338862;tt1595859;tt4635276
nm4166943,Clark Kellogg,\N,\N,,tt1770709;tt14726838;tt1770710;tt12803632
nm4180754,Darrell Goodman,\N,\N,actor,tt2007976;tt2732196;tt1776531
nm4188689,Nina Fuller,\N,\N,costume_designer;casting_department;actress,tt11079540;tt0489225;tt3646228;tt0389937
nm4255592,Ian Hougland,\N,\N,director;editor;cinematographer,tt1811386;tt2372291;tt26689866;tt3565700
nm4262127,Angela T. Baesa,\N,\N,actress,tt3485690;tt2275499;tt2415010;tt21345048
nm4284373,Luke Howard,\N,\N,composer;music_department,tt1928337;tt3561050;tt1874434;tt4586828
nm4292282,Alec Mouhibian,\N,\N,producer;actor;director,tt22180554;tt10773380;tt7844036;tt3781762
nm4406391,Kevin Singh,1974,\N,actor;writer;producer,tt1942107;tt22490110;tt2399624;tt6683070
nm4437593,Ann Benson,1930,\N,actress;producer,tt3514324;tt0247082;tt0804503;tt3282776
nm4473145,Avon Singh,\N,\N,producer;actor;writer,tt14506200;tt8792648;tt1942107;tt22490110
nm4475047,Devon Singh,\N,\N,producer;actor,tt1942107;tt22490110;tt6683070;tt2399624
nm4495252,Charley Voorhis,\N,\N,cinematographer;director;editor,tt2347371;tt1954495;tt21479810
nm4508401,Sean Bloomfield,\N,\N,producer;director;editor,tt3118780;tt1964793;tt7847160;tt5260002
nm4512974,Gareth Fient,\N,\N,editor;director;producer,tt2678412;tt2233422;tt2645430;tt2081145
nm4522448,Missy Martinez,1986,\N,actress,tt5034844;tt1727776;tt2946498;tt1975134
nm4537683,Billy Yeager,\N,\N,composer;director;writer,tt1942791;tt1942895;tt2000384;tt2000414
nm4561843,Luis Medina,\N,\N,actor,tt2007976;tt2005392;tt1935870
nm4571370,Arisa Komiya,1994,\N,actress;soundtrack,tt2210717;tt2188535;tt2553376;tt3295046
nm4579788,Aldo Arechar,\N,\N,music_department;sound_department;composer,tt3581920;tt1745960;tt6105098;tt1160419
nm4601693,Dominique de Menil,\N,\N,,tt1918943
nm4626098,Maurice Paramore,\N,\N,director;writer;producer,tt13808330;tt2090504;tt22496294;tt6710498
nm4636486,Thomas Freeman Jr.,\N,\N,producer;writer;director,tt2380282;tt4216636;tt25151042;tt15400712
nm4637690,Juan Gonzalez,\N,\N,,tt2007976
nm4637768,Masahiro Hayakawa,\N,\N,director;producer,tt2006797;tt16156466;tt5390098
nm4648294,Negro,\N,\N,actor,tt3279834;tt2007976
nm4651411,Dream Boy Vision,\N,\N,editor,tt2007976
nm4651501,Joe Bee,\N,\N,,tt2007976
nm4654451,Ray Lombard,\N,\N,,tt2007976
nm4660735,Anais Yeager,\N,\N,composer;assistant_director;actress,tt2338223;tt2000384;tt3835096;tt10669906
nm4733692,Pierluigi Ferrero,\N,\N,actor,tt7362370;tt10732462;tt5581752;tt15827940
nm4796756,Nadine Mundo,\N,\N,producer;editor;director,tt7182508;tt3903162;tt12745908;tt2025829
nm4878201,Mike Carpenter,\N,\N,editor;cinematographer;camera_department,tt10218112;tt2362354;tt26685247;tt11121618
nm4899047,Ehab Amin,\N,\N,composer;sound_department,tt14605420;tt2241141
nm4951714,Meagan Grandall,\N,\N,composer;producer,tt3012708;tt2551628;tt21479810;tt7532716
nm4968382,Reecode,\N,\N,composer,tt18372080;tt2292591
nm4968908,Konee Rok,\N,\N,director;visual_effects;animation_department,tt14996760;tt5012858;tt2276030
nm4978663,A.J. Martinson,\N,\N,cinematographer;editor;producer,tt12670610;tt2945246;tt7211528;tt4360924
nm5010820,T.O.N.E-z,\N,\N,soundtrack;music_department;actor,tt5915172;tt1489428;tt5172404;tt0460627
nm5015660,Ivan Acher,1973,\N,composer;writer;soundtrack,tt25405312;tt2911996;tt3081696;tt8955104
nm5019240,Nick Demos,\N,\N,producer;director;writer,tt3462010;tt4338862;tt5458010;tt1638898
nm5046124,Ramasses Head,\N,\N,producer;editor;director,tt5451640;tt4946336;tt5643572;tt9348566
nm5105441,Celeste Walker,\N,\N,writer,tt2207006;tt22530162
nm5117670,Keith Hoffmann,\N,\N,camera_department;cinematographer;composer,tt3865880;tt2247202;tt2222290;tt3883920
nm5119332,Michael Willer,\N,\N,editor;cinematographer;director,tt10436452;tt21337046;tt5867186;tt5879490
nm5131997,Lester Jones,\N,\N,producer;writer,tt2485302;tt12966276;tt2238270
nm5138377,Nancy Pop,\N,\N,actress;producer;director,tt8487950;tt3031060;tt5637876
nm5143313,Craig B. Coogan,\N,\N,producer;director;writer,tt0108155;tt8671988;tt21337046;tt0104839
nm5196784,Jared Forman,\N,\N,music_department;composer;sound_department,tt10253466;tt3566726;tt5189670;tt2567026
nm5198300,Laura Ramirez,\N,\N,producer;director;editor,tt19844594;tt3530598;tt3215366;tt2112148
nm5251163,Mario Ricardo Sanchez,\N,\N,producer;editorial_department;miscellaneous,tt2369700;tt4012916;tt2385952;tt2781254
nm5272812,Lana Young,\N,\N,actress;producer,tt2256538;tt3707284;tt15325916;tt14132268
nm5358816,Seamus Murphy,\N,\N,cinematographer;director;writer,tt23632152;tt0396321;tt8299778;tt2468568
nm5376765,Gautam Biswas,\N,\N,camera_department;cinematographer,tt2356426;tt4670548;tt1954818
nm5407513,Rick Orozco,\N,\N,producer;composer,tt2555246;tt13943186
nm5438359,Ted Hayes,\N,\N,,tt2597650
nm5439129,Hardik Singh Reen,\N,\N,editor;miscellaneous;sound_department,tt8853502;tt10323688;tt2066062;tt15307404
nm5472684,Michael J. Sanderson,1983,\N,cinematographer;camera_department;producer,tt5390098;tt2636480;tt11801760;tt6047276
nm5473494,Larry Beaird,\N,\N,music_department,tt19868690;tt2555246;tt22410244
nm5473500,Carlos Alvarez,\N,\N,,tt2555246
nm5506133,Giandomenico Musu,\N,\N,producer;editor;miscellaneous,tt2676608;tt2676832;tt2679018;tt2676852
nm5588512,Andreas Bjunér,\N,\N,director;producer;writer,tt16112972;tt2794470;tt4125440;tt9809176
nm5606986,Ujan Basu,\N,\N,cinematographer;camera_department;producer,tt7010812;tt14626184;tt4002218;tt4912244
nm5650955,Timothy Buckman,\N,\N,composer;music_department,tt7904182;tt5177778;tt10218112;tt3058736
nm5675278,James Matthew Daniel,\N,\N,editor;cinematographer;camera_department,tt3045290;tt6088990;tt4338862;tt8991298
nm5805656,Manu Sevillano,\N,\N,camera_department;cinematographer;producer,tt20860736;tt11797376;tt16426058;tt18339166
nm5846427,Richard OHare,1986,\N,camera_department;cinematographer;director,tt2717676;tt3095016;tt11138628;tt12571762
nm5846430,Keenan Foley,\N,\N,producer;camera_department;production_manager,tt22016398;tt11138628;tt2949508
nm5954636,Sergey A.,1996,\N,writer;producer;cinematographer,tt7716056;tt5251598;tt5927506;tt9349608
nm6056643,Narek Martirosyan,1983,\N,cinematographer;camera_department,tt5358844;tt8910408;tt5578056;tt2291620
nm6063600,J.W. Nutting,\N,\N,producer;writer,tt6610032;tt7156764;tt22530162
nm6131031,Veliko Karachiviev,1976,\N,camera_department;editorial_department;director,tt2274648;tt1959563;tt10228134;tt3014866
nm6192243,Anahid Aprahamian,\N,\N,,tt2597650
nm6230910,Elizabeth Blake-Thomas,\N,\N,director;producer;writer,tt13616400;tt21220802;tt20254700;tt22167790
nm6232855,Romas Usakovas,\N,\N,cinematographer;camera_department;writer,tt6277730;tt9044930;tt12745908;tt8714330
nm6237396,Rocco Marazzita,\N,\N,actor,tt19363554;tt10146250;tt8883660;tt14648000
nm6291039,Aina Kusuda,\N,\N,actress;soundtrack,tt10257002;tt3837248;tt7467040;tt3532308
nm6353982,Fred Ebere,\N,\N,actor;producer,tt3575140;tt15569164;tt3579204;tt20769842
nm6361966,Alejandro Galindo,\N,\N,actor;assistant_director;camera_department,tt19175658;tt13829544;tt3600468;tt23828798
nm6390107,Aida Schläpfer Al Hassani,\N,\N,director;actress;producer,tt2130041;tt8038702;tt14605420
nm6416655,Leandre Sanders,\N,\N,actor,tt3657618;tt12966276;tt15084698
nm6532028,Jordan Templar Clarke,\N,\N,camera_department;cinematographer,tt3749828;tt2936470;tt21147920;tt22016398
nm6552027,Abraham Escobedo Salas,\N,\N,director;writer;editor,tt21110404;tt5018474;tt3786082;tt21110366
nm6552030,Brandon Alejandro Valencia Rubio,\N,\N,,tt3786082
nm6552032,Oscar Eduardo Quintero Ramirez,\N,\N,,tt3786082
nm6552035,Emiliano Moncada,\N,\N,,tt3786082
nm6569623,Miyu Kubota,1995,\N,actress;soundtrack,tt11418324;tt7441658;tt5486988;tt9585568
nm6570716,Anju Inami,\N,\N,actress;soundtrack,tt5789296;tt7535706;tt5619282;tt3804720
nm6601046,Michael Kirk,\N,\N,director;writer,tt13841790;tt3835096
nm6601048,Michael Bianco,\N,\N,,tt3835096;tt5855378
nm6601049,Barron Von Weinberg,\N,\N,writer,tt3835096
nm6601050,Helena Von Weinberg,\N,\N,producer,tt3835096
nm6632740,Bekker-Brand Janse van Rensburg,\N,\N,actor;cinematographer,tt3865574;tt11654554
nm6636994,Dumi Gumbi,\N,\N,producer,tt3905178;tt18563148;tt3556394;tt15303262
nm6652088,Jacqui Blue,\N,\N,producer;director;writer,tt3887570;tt4774490;tt4428002;tt7386838
nm6656762,Anderson Cowan,\N,\N,director;writer;producer,tt5226006;tt10713406;tt5120460;tt5891260
nm6661835,Abbie Georganna,\N,\N,actress;producer;assistant_director,tt22167790;tt19226688;tt21220802;tt13616400
nm6670122,Catharina Weinek,\N,\N,producer;writer;script_department,tt11654554;tt7138446;tt3905178;tt18501888
nm6735536,Iyabo Ogunsola,\N,\N,actress,tt0082310;tt3995596
nm6738798,Paulus Abuakel,\N,\N,camera_department;cinematographer;editor,tt14257166;tt13043184;tt3998538;tt10086526
nm6782260,Zach Scheerer,\N,\N,actor;stunts;writer,tt4052886;tt0413573;tt8531222;tt8196692
nm6794954,Kathryn Schott,\N,\N,actress;director;cinematographer,tt12745908;tt14264768;tt15026582;tt15838460
nm6799894,Yuzuru Hanyu,1994,\N,director;actor;producer,tt4834622;tt26919016;tt23554516;tt8834602
nm6816580,Pamela Brown,\N,\N,,tt4085610
nm6816588,Sharon Y. Begay,\N,\N,,tt4085610
nm6816594,Christy Bird,\N,\N,,tt4085610
nm6816598,Conroy Chino,\N,\N,writer,tt15144298;tt4085610;tt6730328
nm6816599,Pamela Pierce,\N,\N,producer,tt4085610;tt15144298;tt6730328
nm6832509,Tom Burke,\N,\N,director;cinematographer;editor,tt11059364;tt4108026;tt9064074
nm6882976,Sushil Gothankar,\N,\N,editor,tt10778738;tt5593292;tt7924026;tt3556240
nm6898644,Ibrahim Nada,\N,\N,producer;assistant_director;director,tt14626184;tt5647266;tt5379266;tt4531520
nm6906260,Nicolas James,\N,\N,writer;producer;cinematographer,tt19175658;tt8927780;tt8841356;tt14796610
nm6944924,Art Simone,\N,\N,actor,tt23774026;tt2574576;tt4832248;tt9889392
nm6981978,Akari Kitô,1994,\N,actress;music_department;soundtrack,tt11032374;tt21047286;tt9335498;tt10969828
nm7041799,Rose Harwood,\N,\N,actress;producer,tt2452242;tt4338862;tt7817340
nm7130429,Paolo Carenzo,\N,\N,actor;director;writer,tt13371582;tt14648000;tt8222342;tt5022622
nm7151634,Paky di Maio,\N,\N,composer;sound_department,tt9804246;tt17492042;tt4479768;tt21236128
nm7189291,Octavian Caldarari,\N,\N,editor;sound_department,tt15481906;tt3543918;tt2442080;tt5351582
nm7267329,Mauro Loverre,\N,\N,actor;producer;director,tt5354378;tt6784660
nm7297207,Gabriel Baron,\N,\N,cinematographer,tt4338862
nm7313076,Terrance Tykeem,\N,\N,writer;producer;director,tt14276672;tt4795630;tt14752358;tt6387150
nm7314581,Balraj Negi,\N,\N,actor,tt4670548
nm7314582,Baldev Rana,\N,\N,actor,tt25178184;tt4670548;tt26738745
nm7314583,Ghananand,\N,\N,actor,tt25180024;tt4670548
nm7314584,Bijju,\N,\N,actor,tt4670548;tt7159092
nm7314585,Narendra Singh Negi,\N,\N,composer;music_department,tt4670548
nm7325577,Tadhg Devery,\N,\N,actor;producer;writer,tt6770142;tt6833938;tt3463106;tt10623842
nm7333325,Urmi Negi,\N,\N,actress;producer,tt4670548;tt25178184
nm7356452,Rocky Daswani,\N,\N,producer,tt13099604;tt4718678;tt13099338;tt13099700
nm7362633,Juan Raymundo Ramos,\N,\N,editor;director;camera_department,tt5192576;tt21345048;tt5847400;tt7724640
nm7401963,Justine A. Rosenthal,\N,\N,producer;writer,tt12966276;tt13229726;tt3587396;tt12434578
nm7409140,Sergey Stepanov,\N,\N,director;writer;editor,tt10834060;tt10873588;tt10883484;tt10925174
nm7425753,Sleepy Wicked,\N,\N,music_department;producer;actor,tt4396962;tt0399445;tt5012858
nm7453473,Jessi Hannapel,\N,\N,producer;editor;assistant_director,tt5260002;tt4854656;tt7065722;tt7847160
nm7575464,E.C Illa,\N,\N,director;actor;writer,tt5012858
nm7576436,Emilio Costa,\N,\N,cinematographer;camera_department;writer,tt7512574;tt6088004;tt10456804;tt6078320
nm7579168,Eric Brown,\N,\N,actor,tt5012858
nm7591637,Geoffrey Donovan,\N,\N,,tt5022626;tt15108182
nm7741328,Kevin Briggs,\N,\N,,tt4428002;tt8268672
nm7761566,Nicholas Allison,\N,\N,cinematographer;camera_department;producer,tt5239404;tt9105234;tt11889990;tt11814742
nm7780620,Cimela Kidonakis,1987,\N,producer;cinematographer;editor,tt7065722;tt12234280;tt5260002;tt7847160
nm7918125,Rikako Aida,\N,\N,actress;music_department;soundtrack,tt8456166;tt5619282;tt5241080;tt5789296
nm7941723,Joaquín Díaz,\N,\N,composer,tt5495058;tt5487700
nm7996475,Rae Rivera,\N,\N,actress,tt3608806;tt19244284;tt19370518;tt12928782
nm8005216,Abraham Cruz Herrera,\N,\N,editor;sound_department;director,tt13930468;tt10166534;tt21110404;tt5561360
nm8095348,Taylor P Hawkins,\N,\N,camera_department;director;writer,tt14674526;tt21441282;tt25598548;tt14626184
nm8200233,Aika Kobayashi,\N,\N,actress;music_department;soundtrack,tt4502456;tt13027558;tt1909463;tt13048312
nm8200235,Ai Furihata,\N,\N,actress;music_department;soundtrack,tt11858104;tt5619282;tt12706854;tt5789296
nm8241727,DWayne Wiggins,\N,\N,composer;sound_department;soundtrack,tt26772114;tt27078639;tt0447730;tt5834432
nm8246771,Nicholas Barber,\N,\N,producer;camera_department;sound_department,tt7724640;tt21345048;tt5192576;tt6145706
nm8261578,Chris Von Weinberg,\N,\N,writer;producer;director,tt3835096;tt5855378
nm8266291,Niraj Vikram,1957,\N,writer;producer;actor,tt5065688;tt13045552;tt20874010;tt1592812
nm8279090,Sam T. Wilson,\N,\N,director;cinematographer;producer,tt10466840;tt12003098;tt8487950;tt5873496
nm8288080,Ethan Kaiser,\N,\N,camera_department;cinematographer;miscellaneous,tt6173604;tt7286240;tt6862864;tt3127824
nm8332346,Luke Corcoran,\N,\N,actor;director;writer,tt6770142;tt19756306;tt15513210;tt12978212
nm8332520,Marybeth Herron,1993,\N,actress;producer,tt6770142;tt10623842;tt7555784;tt5931676
nm8332521,Adam William Cahill,1986,\N,editor;director;writer,tt6770142;tt2628232;tt10623842;tt2183641
nm8350482,Teresa Celeste,\N,\N,actress,tt12227976;tt6971054;tt9145518;tt15047318
nm8353570,Avi Bandyopadhyay,\N,\N,cinematographer;editor;director,tt13388966;tt5955728;tt6070234;tt6342842
nm8451466,Ally Teixeira,\N,\N,actress;writer;producer,tt12985634;tt0493378;tt8332838;tt8521058
nm8529806,Stephen F. Cohen,\N,\N,actor,tt10664722;tt10663998;tt10664532;tt6174306
nm8665625,Mark Melamed,\N,\N,sound_department;composer,tt8106588;tt7319264;tt8178684;tt6079772
nm8737657,Edoardo Fadini,\N,\N,writer,tt6468098
nm8737658,Matteo Guarnaccia,1954,2022,,tt6468098;tt9349020
nm8737660,Steve Della Casa,\N,\N,producer,tt6468098
nm8744453,Ryan Watson,1983,\N,producer;director;writer,tt12626068;tt12655374;tt12692474;tt17014810
nm8760165,Takudzwa Matsatsa,\N,\N,actor,tt10579630;tt13484824;tt12637432;tt12853056
nm8924327,Jannine Benkhardt,\N,\N,assistant_director;actress;director,tt7865436;tt6770142;tt13353826;tt13075590
nm8924880,Carola Cudemo,\N,\N,actress,tt14648000;tt6784660;tt8883660
nm8924881,Andrea Dentico,\N,\N,composer;producer;music_department,tt6784660;tt14648000;tt27033093;tt5354378
nm9083393,Alex Riccio,\N,\N,editor;miscellaneous;director,tt8713594;tt8751090;tt22489120;tt8751042
nm9126120,Christopher Tabassi,\N,\N,make_up_department;actor;costume_department,tt15117174;tt7627562;tt7131158;tt9080346
nm9128839,Alex James,\N,\N,actor;producer;writer,tt8927780;tt8741502;tt19175658;tt7134368
nm9129735,Fausto Cerboni,\N,\N,,tt6468098
nm9138724,Pedro Welch,\N,\N,,tt7149956;tt13876160
nm9148892,Anthony Moffat,1981,\N,producer;director;writer,tt15115682;tt15108182
nm9185572,Will Roberts,\N,\N,editor,tt6268200;tt22016398;tt12541870
nm9191741,Elmor C Garlitos,\N,\N,actor,tt13650704;tt17196124;tt21345048;tt10257354
nm9329737,Dimitris Tasoudis,\N,\N,composer,tt7480242;tt7756920;tt27002836
nm9349874,Manoj Verma,\N,\N,miscellaneous;director;producer,tt13045552;tt7520640;tt20751628;tt20348760
nm9366735,Christian Jessup,\N,\N,composer;producer;editorial_department,tt21076572;tt21839168;tt13833516;tt12803632
nm9374880,Swati Kumar,\N,\N,actor,tt9899560;tt9899886;tt6451298
nm9432438,Sam Sidhu,\N,\N,actor;production_manager;producer,tt9441962;tt15285844;tt9170236;tt12937304
nm9449417,Rasec Marc Ortega,\N,\N,actor;composer;producer,\N
nm9453982,Nancy Laracy,\N,\N,,tt4338862
nm9454064,Nilu Amin,\N,\N,camera_department;cinematographer,tt10749968;tt4338862;tt11576560
nm9495458,Alex Kroeker,\N,\N,actor;producer;camera_department,tt8927780;tt7764592;tt23828798;tt19175658
nm9595535,Arindam Gayan,\N,\N,editorial_department;editor,tt4208710;tt9784088;tt3080148;tt7746710
nm9684744,Aarushi Agni,\N,\N,writer;actress,tt8106176;tt9080346
nm9877320,Daniel Card,\N,\N,editorial_department;editor,tt9080346;tt8487950;tt6329790;tt19849020
